full_name,email,source_channel,app_opens_before_fair,bookmarks_count,confidence_level,stands_visited,total_dwell_minutes,conversations,stands_not_visited_count,content_pieces_viewed,direct_contacts,fair_influenced_decision,journey_completeness_score
"Hugo Leroy",student0404@demo-letudiant.fr,,,,,0,,0,,0,0,0,
"Chloe Martin",student0405@demo-letudiant.fr,,,,,0,,0,,0,0,0,
"Camille Bernard",student0412@demo-letudiant.fr,,,,,0,,0,,0,0,0,
"Emma Robert",student0414@demo-letudiant.fr,,,,,0,,0,,0,0,0,
"Lea Simon",student0415@demo-letudiant.fr,,,,,0,,0,,0,0,0,
"Sarah Lefebvre",student0418@demo-letudiant.fr,,,,,0,,0,,0,0,0,
"Louis Thomas",student0428@demo-letudiant.fr,,,,,0,,0,,0,0,0,
"Ines Martin",student0429@demo-letudiant.fr,,,,,0,,0,,0,0,0,
"Louis Leroy",student0430@demo-letudiant.fr,,,,,0,,0,,0,0,0,
"Sarah Simon",student0432@demo-letudiant.fr,,,,,0,,0,,0,0,0,
"Noah Bernard",student0436@demo-letudiant.fr,,,,,0,,0,,0,0,0,
"Louis Bernard",student0455@demo-letudiant.fr,,,,,0,,0,,0,0,0,
"Nathan Moreau",student0456@demo-letudiant.fr,,,,,0,,0,,0,0,0,
"Louis Petit",student0457@demo-letudiant.fr,,,,,0,,0,,0,0,0,
"Camille Leroy",student0458@demo-letudiant.fr,,,,,0,,0,,0,0,0,
"Hugo Moreau",student0459@demo-letudiant.fr,,,,,0,,0,,0,0,0,
"Louis Simon",student0460@demo-letudiant.fr,,,,,0,,0,,0,0,0,
"Noah Martin",student0461@demo-letudiant.fr,,,,,0,,0,,0,0,0,
"Camille Dubois",student0462@demo-letudiant.fr,,,,,0,,0,,0,0,0,
"Chloe Laurent",student0463@demo-letudiant.fr,,,,,0,,0,,0,0,0,
"Yanis Moreau",student0464@demo-letudiant.fr,,,,,0,,0,,0,0,0,
"Louis Bernard",student0465@demo-letudiant.fr,,,,,0,,0,,0,0,0,
"Louis Simon",student0466@demo-letudiant.fr,,,,,0,,0,,0,0,0,
"Noah Dubois",student0467@demo-letudiant.fr,,,,,0,,0,,0,0,0,
"Chloe Leroy",student0468@demo-letudiant.fr,,,,,0,,0,,0,0,0,
"Louis Bernard",student0469@demo-letudiant.fr,,,,,0,,0,,0,0,0,
"Noah Leroy",student0470@demo-letudiant.fr,,,,,0,,0,,0,0,0,
"Camille Lefebvre",student0471@demo-letudiant.fr,,,,,0,,0,,0,0,0,
"Yanis Simon",student0472@demo-letudiant.fr,,,,,0,,0,,0,0,0,
"Yanis Thomas",student0473@demo-letudiant.fr,,,,,0,,0,,0,0,0,
"Ines Durand",student0474@demo-letudiant.fr,,,,,0,,0,,0,0,0,
"Nathan Martin",student0475@demo-letudiant.fr,,,,,0,,0,,0,0,0,
"Nathan Bernard",student0476@demo-letudiant.fr,,,,,0,,0,,0,0,0,
"Noah Martin",student0477@demo-letudiant.fr,,,,,0,,0,,0,0,0,
"Camille Durand",student0478@demo-letudiant.fr,,,,,0,,0,,0,0,0,
"Camille Thomas",student0479@demo-letudiant.fr,,,,,0,,0,,0,0,0,
"Camille Durand",student0480@demo-letudiant.fr,,,,,0,,0,,0,0,0,
"Noah Dubois",student0481@demo-letudiant.fr,,,,,0,,0,,0,0,0,
"Camille Petit",student0482@demo-letudiant.fr,,,,,0,,0,,0,0,0,
"Yanis Durand",student0483@demo-letudiant.fr,,,,,0,,0,,0,0,0,
"Lucas Moreau",student0484@demo-letudiant.fr,,,,,0,,0,,0,0,0,
"Chloe Durand",student0485@demo-letudiant.fr,,,,,0,,0,,0,0,0,
"Hugo Petit",student0486@demo-letudiant.fr,,,,,0,,0,,0,0,0,
"Nathan Laurent",student0487@demo-letudiant.fr,,,,,0,,0,,0,0,0,
"Noah Durand",student0488@demo-letudiant.fr,,,,,0,,0,,0,0,0,
"Yanis Simon",student0489@demo-letudiant.fr,,,,,0,,0,,0,0,0,
"Emma Laurent",student0490@demo-letudiant.fr,,,,,0,,0,,0,0,0,
"Camille Bernard",student0491@demo-letudiant.fr,,,,,0,,0,,0,0,0,
"Noah Martin",student0492@demo-letudiant.fr,,,,,0,,0,,0,0,0,
"Ines Dubois",student0493@demo-letudiant.fr,,,,,0,,0,,0,0,0,
"Chloe Moreau",student0494@demo-letudiant.fr,,,,,0,,0,,0,0,0,
"Nathan Dubois",student0495@demo-letudiant.fr,,,,,0,,0,,0,0,0,
"Nathan Bernard",student0496@demo-letudiant.fr,,,,,0,,0,,0,0,0,
"Yanis Simon",student0497@demo-letudiant.fr,,,,,0,,0,,0,0,0,
"Yanis Lefebvre",student0498@demo-letudiant.fr,,,,,0,,0,,0,0,0,
"Hugo Thomas",student0499@demo-letudiant.fr,,,,,0,,0,,0,0,0,
"Hugo Dubois",student0500@demo-letudiant.fr,,,,,0,,0,,0,0,0,
"Ines Leroy",student0501@demo-letudiant.fr,,,,,0,,0,,0,0,0,
"Camille Moreau",student0502@demo-letudiant.fr,,,,,0,,0,,0,0,0,
"Hugo Bernard",student0503@demo-letudiant.fr,,,,,0,,0,,0,0,0,
"Louis Durand",student0504@demo-letudiant.fr,,,,,0,,0,,0,0,0,
"Emma Simon",student0505@demo-letudiant.fr,,,,,0,,0,,0,0,0,
"Hugo Thomas",student0506@demo-letudiant.fr,,,,,0,,0,,0,0,0,
"Yanis Lefebvre",student0507@demo-letudiant.fr,,,,,0,,0,,0,0,0,
"Ines Thomas",student0508@demo-letudiant.fr,,,,,0,,0,,0,0,0,
"Sarah Thomas",student0509@demo-letudiant.fr,,,,,0,,0,,0,0,0,
"Ines Simon",student0510@demo-letudiant.fr,,,,,0,,0,,0,0,0,
"Emma Lefebvre",student0511@demo-letudiant.fr,,,,,0,,0,,0,0,0,
"Nathan Moreau",student0512@demo-letudiant.fr,,,,,0,,0,,0,0,0,
"Ines Lefebvre",student0513@demo-letudiant.fr,,,,,0,,0,,0,0,0,
"Yanis Simon",student0514@demo-letudiant.fr,,,,,0,,0,,0,0,0,
"Hugo Thomas",student0515@demo-letudiant.fr,,,,,0,,0,,0,0,0,
"Camille Petit",student0516@demo-letudiant.fr,,,,,0,,0,,0,0,0,
"Ines Durand",student0517@demo-letudiant.fr,,,,,0,,0,,0,0,0,
"Camille Martin",student0518@demo-letudiant.fr,,,,,0,,0,,0,0,0,
"Hugo Bernard",student0519@demo-letudiant.fr,,,,,0,,0,,0,0,0,
"Louis Durand",student0520@demo-letudiant.fr,,,,,0,,0,,0,0,0,
"Nathan Laurent",student0521@demo-letudiant.fr,,,,,0,,0,,0,0,0,
"Lea Lefebvre",student0522@demo-letudiant.fr,,,,,0,,0,,0,0,0,
"Lucas Thomas",student0523@demo-letudiant.fr,,,,,0,,0,,0,0,0,
"Nathan Laurent",student0524@demo-letudiant.fr,,,,,0,,0,,0,0,0,
"Nathan Dubois",student0525@demo-letudiant.fr,,,,,0,,0,,0,0,0,
"Nathan Bernard",student0526@demo-letudiant.fr,,,,,0,,0,,0,0,0,
"Camille Durand",student0527@demo-letudiant.fr,,,,,0,,0,,0,0,0,
"Louis Leroy",student0528@demo-letudiant.fr,,,,,0,,0,,0,0,0,
"Emma Lefebvre",student0529@demo-letudiant.fr,,,,,0,,0,,0,0,0,
"Ines Laurent",student0530@demo-letudiant.fr,,,,,0,,0,,0,0,0,
"Camille Laurent",student0531@demo-letudiant.fr,,,,,0,,0,,0,0,0,
"Lucas Leroy",student0532@demo-letudiant.fr,,,,,0,,0,,0,0,0,
"Lucas Martin",student0533@demo-letudiant.fr,,,,,0,,0,,0,0,0,
"Noah Dubois",student0534@demo-letudiant.fr,,,,,0,,0,,0,0,0,
"Emma Lefebvre",student0535@demo-letudiant.fr,,,,,0,,0,,0,0,0,
"Sarah Martin",student0536@demo-letudiant.fr,,,,,0,,0,,0,0,0,
"Lea Dubois",student0537@demo-letudiant.fr,,,,,0,,0,,0,0,0,
"Lea Laurent",student0538@demo-letudiant.fr,,,,,0,,0,,0,0,0,
"Ines Lefebvre",student0539@demo-letudiant.fr,,,,,0,,0,,0,0,0,
"Ines Laurent",student0540@demo-letudiant.fr,,,,,0,,0,,0,0,0,
"Hugo Dubois",student0541@demo-letudiant.fr,,,,,0,,0,,0,0,0,
"Hugo Simon",student0542@demo-letudiant.fr,,,,,0,,0,,0,0,0,
"Hugo Simon",student0543@demo-letudiant.fr,,,,,0,,0,,0,0,0,
"Emma Lefebvre",student0544@demo-letudiant.fr,,,,,0,,0,,0,0,0,
"Emma Petit",student0545@demo-letudiant.fr,,,,,0,,0,,0,0,0,
"Lea Martin",student0546@demo-letudiant.fr,,,,,0,,0,,0,0,0,
"Chloe Simon",student0547@demo-letudiant.fr,,,,,0,,0,,0,0,0,
"Camille Leroy",student0548@demo-letudiant.fr,,,,,0,,0,,0,0,0,
"Lea Simon",student0549@demo-letudiant.fr,,,,,0,,0,,0,0,0,
"Camille Durand",student0550@demo-letudiant.fr,,,,,0,,0,,0,0,0,
"Noah Lefebvre",student0551@demo-letudiant.fr,,,,,0,,0,,0,0,0,
"Nathan Leroy",student0552@demo-letudiant.fr,,,,,0,,0,,0,0,0,
"Camille Bernard",student0553@demo-letudiant.fr,,,,,0,,0,,0,0,0,
"Lea Dubois",student0554@demo-letudiant.fr,,,,,0,,0,,0,0,0,
"Noah Bernard",student0555@demo-letudiant.fr,,,,,0,,0,,0,0,0,
"Louis Thomas",student0556@demo-letudiant.fr,,,,,0,,0,,0,0,0,
"Louis Moreau",student0557@demo-letudiant.fr,,,,,0,,0,,0,0,0,
"Chloe Durand",student0558@demo-letudiant.fr,,,,,0,,0,,0,0,0,
"Louis Thomas",student0559@demo-letudiant.fr,,,,,0,,0,,0,0,0,
"Lea Moreau",student0560@demo-letudiant.fr,,,,,0,,0,,0,0,0,
"Lucas Lefebvre",student0561@demo-letudiant.fr,,,,,0,,0,,0,0,0,
"Lea Martin",student0562@demo-letudiant.fr,,,,,0,,0,,0,0,0,
"Louis Lefebvre",student0563@demo-letudiant.fr,,,,,0,,0,,0,0,0,
"Lucas Thomas",student0564@demo-letudiant.fr,,,,,0,,0,,0,0,0,
"Sarah Lefebvre",student0565@demo-letudiant.fr,,,,,0,,0,,0,0,0,
"Hugo Simon",student0566@demo-letudiant.fr,,,,,0,,0,,0,0,0,
"Yanis Laurent",student0567@demo-letudiant.fr,,,,,0,,0,,0,0,0,
"Chloe Thomas",student0568@demo-letudiant.fr,,,,,0,,0,,0,0,0,
"Ines Moreau",student0569@demo-letudiant.fr,,,,,0,,0,,0,0,0,
"Emma Laurent",student0570@demo-letudiant.fr,,,,,0,,0,,0,0,0,
"Louis Leroy",student0571@demo-letudiant.fr,,,,,0,,0,,0,0,0,
"Emma Durand",student0572@demo-letudiant.fr,,,,,0,,0,,0,0,0,
"Sarah Thomas",student0573@demo-letudiant.fr,,,,,0,,0,,0,0,0,
"Hugo Bernard",student0574@demo-letudiant.fr,,,,,0,,0,,0,0,0,
"Emma Moreau",student0575@demo-letudiant.fr,,,,,0,,0,,0,0,0,
"Nathan Durand",student0576@demo-letudiant.fr,,,,,0,,0,,0,0,0,
"Camille Leroy",student0577@demo-letudiant.fr,,,,,0,,0,,0,0,0,
"Sarah Dubois",student0578@demo-letudiant.fr,,,,,0,,0,,0,0,0,
"Hugo Thomas",student0579@demo-letudiant.fr,,,,,0,,0,,0,0,0,
"Chloe Lefebvre",student0580@demo-letudiant.fr,,,,,0,,0,,0,0,0,
"Hugo Leroy",student0581@demo-letudiant.fr,,,,,0,,0,,0,0,0,
"Yanis Martin",student0582@demo-letudiant.fr,,,,,0,,0,,0,0,0,
"Emma Durand",student0583@demo-letudiant.fr,,,,,0,,0,,0,0,0,
"Emma Moreau",student0584@demo-letudiant.fr,,,,,0,,0,,0,0,0,
"Louis Thomas",student0585@demo-letudiant.fr,,,,,0,,0,,0,0,0,
"Ines Lefebvre",student0586@demo-letudiant.fr,,,,,0,,0,,0,0,0,
"Hugo Lefebvre",student0587@demo-letudiant.fr,,,,,0,,0,,0,0,0,
"Nathan Moreau",student0588@demo-letudiant.fr,,,,,0,,0,,0,0,0,
"Hugo Bernard",student0589@demo-letudiant.fr,,,,,0,,0,,0,0,0,
"Yanis Thomas",student0590@demo-letudiant.fr,,,,,0,,0,,0,0,0,
"Sarah Simon",student0591@demo-letudiant.fr,,,,,0,,0,,0,0,0,
"Nathan Robert",student0592@demo-letudiant.fr,,,,,0,,0,,0,0,0,
"Louis Leroy",student0593@demo-letudiant.fr,,,,,0,,0,,0,0,0,
"Chloe Durand",student0594@demo-letudiant.fr,,,,,0,,0,,0,0,0,
"Camille Dubois",student0595@demo-letudiant.fr,,,,,0,,0,,0,0,0,
"Yanis Simon",student0596@demo-letudiant.fr,,,,,0,,0,,0,0,0,
"Louis Durand",student0597@demo-letudiant.fr,,,,,0,,0,,0,0,0,
"Nathan Petit",student0598@demo-letudiant.fr,,,,,0,,0,,0,0,0,
"Emma Durand",student0599@demo-letudiant.fr,,,,,0,,0,,0,0,0,
"Louis Martin",student0600@demo-letudiant.fr,,,,,0,,0,,0,0,0,
"Hugo Robert",student0601@demo-letudiant.fr,,,,,0,,0,,0,0,0,
"Emma Dubois",student0602@demo-letudiant.fr,,,,,0,,0,,0,0,0,
"Sarah Lefebvre",student0603@demo-letudiant.fr,,,,,0,,0,,0,0,0,
"Ines Leroy",student0604@demo-letudiant.fr,,,,,0,,0,,0,0,0,
"Sarah Martin",student0605@demo-letudiant.fr,,,,,0,,0,,0,0,0,
"Sarah Durand",student0606@demo-letudiant.fr,,,,,0,,0,,0,0,0,
"Noah Leroy",student0607@demo-letudiant.fr,,,,,0,,0,,0,0,0,
"Sarah Laurent",student0608@demo-letudiant.fr,,,,,0,,0,,0,0,0,
"Hugo Thomas",student0609@demo-letudiant.fr,,,,,0,,0,,0,0,0,
"Sarah Lefebvre",student0610@demo-letudiant.fr,,,,,0,,0,,0,0,0,
"Yanis Leroy",student0611@demo-letudiant.fr,,,,,0,,0,,0,0,0,
"Camille Lefebvre",student0612@demo-letudiant.fr,,,,,0,,0,,0,0,0,
"Emma Dubois",student0613@demo-letudiant.fr,,,,,0,,0,,0,0,0,
"Chloe Martin",student0614@demo-letudiant.fr,,,,,0,,0,,0,0,0,
"Ines Laurent",student0615@demo-letudiant.fr,,,,,0,,0,,0,0,0,
"Lea Lefebvre",student0616@demo-letudiant.fr,,,,,0,,0,,0,0,0,
"Lea Laurent",student0617@demo-letudiant.fr,,,,,0,,0,,0,0,0,
"Yanis Martin",student0618@demo-letudiant.fr,,,,,0,,0,,0,0,0,
"Nathan Lefebvre",student0619@demo-letudiant.fr,,,,,0,,0,,0,0,0,
"Lea Robert",student0620@demo-letudiant.fr,,,,,0,,0,,0,0,0,
"Yanis Moreau",student0621@demo-letudiant.fr,,,,,0,,0,,0,0,0,
"Noah Bernard",student0622@demo-letudiant.fr,,,,,0,,0,,0,0,0,
"Lea Petit",student0623@demo-letudiant.fr,,,,,0,,0,,0,0,0,
"Emma Durand",student0624@demo-letudiant.fr,,,,,0,,0,,0,0,0,
"Chloe Laurent",student0625@demo-letudiant.fr,,,,,0,,0,,0,0,0,
"Noah Martin",student0626@demo-letudiant.fr,,,,,0,,0,,0,0,0,
"Sarah Bernard",student0627@demo-letudiant.fr,,,,,0,,0,,0,0,0,
"Chloe Bernard",student0628@demo-letudiant.fr,,,,,0,,0,,0,0,0,
"Camille Bernard",student0629@demo-letudiant.fr,,,,,0,,0,,0,0,0,
"Ines Bernard",student0630@demo-letudiant.fr,,,,,0,,0,,0,0,0,
"Yanis Moreau",student0631@demo-letudiant.fr,,,,,0,,0,,0,0,0,
"Hugo Martin",student0632@demo-letudiant.fr,,,,,0,,0,,0,0,0,
"Lucas Robert",student0633@demo-letudiant.fr,,,,,0,,0,,0,0,0,
"Hugo Martin",student0634@demo-letudiant.fr,,,,,0,,0,,0,0,0,
"Lucas Robert",student0635@demo-letudiant.fr,,,,,0,,0,,0,0,0,
"Yanis Bernard",student0636@demo-letudiant.fr,,,,,0,,0,,0,0,0,
"Louis Simon",student0637@demo-letudiant.fr,,,,,0,,0,,0,0,0,
"Camille Thomas",student0638@demo-letudiant.fr,,,,,0,,0,,0,0,0,
"Camille Simon",student0639@demo-letudiant.fr,,,,,0,,0,,0,0,0,
"Nathan Durand",student0640@demo-letudiant.fr,,,,,0,,0,,0,0,0,
"Ines Leroy",student0641@demo-letudiant.fr,,,,,0,,0,,0,0,0,
"Louis Bernard",student0642@demo-letudiant.fr,,,,,0,,0,,0,0,0,
"Emma Lefebvre",student0643@demo-letudiant.fr,,,,,0,,0,,0,0,0,
"Lucas Simon",student0644@demo-letudiant.fr,,,,,0,,0,,0,0,0,
"Louis Martin",student0645@demo-letudiant.fr,,,,,0,,0,,0,0,0,
"Ines Moreau",student0646@demo-letudiant.fr,,,,,0,,0,,0,0,0,
"Chloe Simon",student0647@demo-letudiant.fr,,,,,0,,0,,0,0,0,
"Yanis Thomas",student0648@demo-letudiant.fr,,,,,0,,0,,0,0,0,
"Hugo Martin",student0649@demo-letudiant.fr,,,,,0,,0,,0,0,0,
"Hugo Martin",student0650@demo-letudiant.fr,,,,,0,,0,,0,0,0,
"Yanis Simon",student0651@demo-letudiant.fr,,,,,0,,0,,0,0,0,
"Lea Lefebvre",student0652@demo-letudiant.fr,,,,,0,,0,,0,0,0,
"Sarah Moreau",student0653@demo-letudiant.fr,,,,,0,,0,,0,0,0,
"Lea Petit",student0654@demo-letudiant.fr,,,,,0,,0,,0,0,0,
"Louis Laurent",student0655@demo-letudiant.fr,,,,,0,,0,,0,0,0,
"Emma Moreau",student0656@demo-letudiant.fr,,,,,0,,0,,0,0,0,
"Nathan Durand",student0657@demo-letudiant.fr,,,,,0,,0,,0,0,0,
"Nathan Thomas",student0658@demo-letudiant.fr,,,,,0,,0,,0,0,0,
"Camille Dubois",student0659@demo-letudiant.fr,,,,,0,,0,,0,0,0,
"Chloe Lefebvre",student0660@demo-letudiant.fr,,,,,0,,0,,0,0,0,
"Louis Thomas",student0661@demo-letudiant.fr,,,,,0,,0,,0,0,0,
"Lea Thomas",student0662@demo-letudiant.fr,,,,,0,,0,,0,0,0,
"Hugo Martin",student0663@demo-letudiant.fr,,,,,0,,0,,0,0,0,
"Sarah Robert",student0664@demo-letudiant.fr,,,,,0,,0,,0,0,0,
"Lucas Martin",student0665@demo-letudiant.fr,,,,,0,,0,,0,0,0,
"Yanis Robert",student0666@demo-letudiant.fr,,,,,0,,0,,0,0,0,
"Nathan Thomas",student0667@demo-letudiant.fr,,,,,0,,0,,0,0,0,
"Louis Thomas",student0668@demo-letudiant.fr,,,,,0,,0,,0,0,0,
"Ines Lefebvre",student0761@demo-letudiant.fr,,,,,0,,0,,0,0,0,
"Emma Dubois",student0771@demo-letudiant.fr,,,,,0,,0,,0,0,0,
"Louis Laurent",student0776@demo-letudiant.fr,,,,,0,,0,,0,0,0,
"Sarah Bernard",student0779@demo-letudiant.fr,,,,,0,,0,,0,0,0,
"Lucas Lefebvre",student0780@demo-letudiant.fr,,,,,0,,0,,0,0,0,
"Yanis Petit",student0781@demo-letudiant.fr,,,,,0,,0,,0,0,0,
"Lucas Martin",student0782@demo-letudiant.fr,,,,,0,,0,,0,0,0,
"Lea Durand",student0783@demo-letudiant.fr,,,,,0,,0,,0,0,0,
"Chloe Petit",student0784@demo-letudiant.fr,,,,,0,,0,,0,0,0,
"Sarah Martin",student0785@demo-letudiant.fr,,,,,0,,0,,0,0,0,
"Lea Simon",student0786@demo-letudiant.fr,,,,,0,,0,,0,0,0,
"Nathan Thomas",student0787@demo-letudiant.fr,,,,,0,,0,,0,0,0,
"Lea Moreau",student0788@demo-letudiant.fr,,,,,0,,0,,0,0,0,
"Louis Petit",student0789@demo-letudiant.fr,,,,,0,,0,,0,0,0,
"Ines Dubois",student0790@demo-letudiant.fr,,,,,0,,0,,0,0,0,
"Nathan Petit",student0791@demo-letudiant.fr,,,,,0,,0,,0,0,0,
"Noah Martin",student0792@demo-letudiant.fr,,,,,0,,0,,0,0,0,
"Nathan Bernard",student0793@demo-letudiant.fr,,,,,0,,0,,0,0,0,
"Noah Durand",student0794@demo-letudiant.fr,,,,,0,,0,,0,0,0,
"Ines Simon",student0795@demo-letudiant.fr,,,,,0,,0,,0,0,0,
"Louis Petit",student0796@demo-letudiant.fr,,,,,0,,0,,0,0,0,
"Hugo Thomas",student0797@demo-letudiant.fr,,,,,0,,0,,0,0,0,
"Hugo Moreau",student0798@demo-letudiant.fr,,,,,0,,0,,0,0,0,
"Ines Dubois",student0799@demo-letudiant.fr,,,,,0,,0,,0,0,0,
"Yanis Dubois",student0800@demo-letudiant.fr,,,,,0,,0,,0,0,0,
"Ines Dubois",student0801@demo-letudiant.fr,,,,,0,,0,,0,0,0,
"Chloe Thomas",student0802@demo-letudiant.fr,,,,,0,,0,,0,0,0,
"Sarah Bernard",student0803@demo-letudiant.fr,,,,,0,,0,,0,0,0,
"Lea Leroy",student0804@demo-letudiant.fr,,,,,0,,0,,0,0,0,
"Nathan Thomas",student0805@demo-letudiant.fr,,,,,0,,0,,0,0,0,
"Nathan Moreau",student0806@demo-letudiant.fr,,,,,0,,0,,0,0,0,
"Lea Durand",student0807@demo-letudiant.fr,,,,,0,,0,,0,0,0,
"Lucas Martin",student0808@demo-letudiant.fr,,,,,0,,0,,0,0,0,
"Emma Martin",student0809@demo-letudiant.fr,,,,,0,,0,,0,0,0,
"Noah Leroy",student0810@demo-letudiant.fr,,,,,0,,0,,0,0,0,
"Sarah Moreau",student0811@demo-letudiant.fr,,,,,0,,0,,0,0,0,
"Emma Dubois",student0812@demo-letudiant.fr,,,,,0,,0,,0,0,0,
"Noah Robert",student0813@demo-letudiant.fr,,,,,0,,0,,0,0,0,
"Emma Dubois",student0814@demo-letudiant.fr,,,,,0,,0,,0,0,0,
"Yanis Bernard",student0815@demo-letudiant.fr,,,,,0,,0,,0,0,0,
"Yanis Robert",student0816@demo-letudiant.fr,,,,,0,,0,,0,0,0,
"Chloe Lefebvre",student0817@demo-letudiant.fr,,,,,0,,0,,0,0,0,
"Ines Durand",student0818@demo-letudiant.fr,,,,,0,,0,,0,0,0,
"Hugo Moreau",student0819@demo-letudiant.fr,,,,,0,,0,,0,0,0,
"Yanis Laurent",student0884@demo-letudiant.fr,,,,,0,,0,,0,0,0,
"Ines Dubois",student0886@demo-letudiant.fr,,,,,0,,0,,0,0,0,
"Nathan Robert",student0890@demo-letudiant.fr,,,,,0,,0,,0,0,0,
"Ines Martin",student0891@demo-letudiant.fr,,,,,0,,0,,0,0,0,
"Noah Dubois",student0892@demo-letudiant.fr,,,,,0,,0,,0,0,0,
"Ines Thomas",student0893@demo-letudiant.fr,,,,,0,,0,,0,0,0,
"Lea Durand",student0894@demo-letudiant.fr,,,,,0,,0,,0,0,0,
"Louis Leroy",student0895@demo-letudiant.fr,,,,,0,,0,,0,0,0,
"Camille Simon",student0896@demo-letudiant.fr,,,,,0,,0,,0,0,0,
"Louis Bernard",student0897@demo-letudiant.fr,,,,,0,,0,,0,0,0,
"Yanis Martin",student0898@demo-letudiant.fr,,,,,0,,0,,0,0,0,
"Noah Simon",student0899@demo-letudiant.fr,,,,,0,,0,,0,0,0,
"Noah Bernard",student0900@demo-letudiant.fr,,,,,0,,0,,0,0,0,
"Emma Robert",student0901@demo-letudiant.fr,,,,,0,,0,,0,0,0,
"Yanis Martin",student0902@demo-letudiant.fr,,,,,0,,0,,0,0,0,
"Louis Moreau",student0903@demo-letudiant.fr,,,,,0,,0,,0,0,0,
"Yanis Moreau",student0904@demo-letudiant.fr,,,,,0,,0,,0,0,0,
"Lucas Simon",student0905@demo-letudiant.fr,,,,,0,,0,,0,0,0,
"Ines Bernard",student0906@demo-letudiant.fr,,,,,0,,0,,0,0,0,
"Hugo Dubois",student0907@demo-letudiant.fr,,,,,0,,0,,0,0,0,
"Lucas Laurent",student0908@demo-letudiant.fr,,,,,0,,0,,0,0,0,
"Sarah Petit",student0909@demo-letudiant.fr,,,,,0,,0,,0,0,0,
"Hugo Laurent",student0910@demo-letudiant.fr,,,,,0,,0,,0,0,0,
"Camille Leroy",student0911@demo-letudiant.fr,,,,,0,,0,,0,0,0,
"Camille Dubois",student0912@demo-letudiant.fr,,,,,0,,0,,0,0,0,
"Emma Leroy",student0913@demo-letudiant.fr,,,,,0,,0,,0,0,0,
"Camille Thomas",student0914@demo-letudiant.fr,,,,,0,,0,,0,0,0,
"Hugo Dubois",student0915@demo-letudiant.fr,,,,,0,,0,,0,0,0,
"Sarah Petit",student0916@demo-letudiant.fr,,,,,0,,0,,0,0,0,
"Sarah Laurent",student0917@demo-letudiant.fr,,,,,0,,0,,0,0,0,
"Hugo Bernard",student0918@demo-letudiant.fr,,,,,0,,0,,0,0,0,
"Louis Laurent",student0919@demo-letudiant.fr,,,,,0,,0,,0,0,0,
"Sarah Laurent",student0920@demo-letudiant.fr,,,,,0,,0,,0,0,0,
"Hugo Robert",student0941@demo-letudiant.fr,,,,,0,,0,,0,0,0,
"Louis Bernard",student0946@demo-letudiant.fr,,,,,0,,0,,0,0,0,
"Sarah Dubois",student0950@demo-letudiant.fr,,,,,0,,0,,0,0,0,
"Ines Moreau",student0951@demo-letudiant.fr,,,,,0,,0,,0,0,0,
"Louis Simon",student0952@demo-letudiant.fr,,,,,0,,0,,0,0,0,
"Emma Robert",student0953@demo-letudiant.fr,,,,,0,,0,,0,0,0,
"Nathan Dubois",student0954@demo-letudiant.fr,,,,,0,,0,,0,0,0,
"Emma Durand",student0955@demo-letudiant.fr,,,,,0,,0,,0,0,0,
"Hugo Robert",student0956@demo-letudiant.fr,,,,,0,,0,,0,0,0,
"Nathan Thomas",student0957@demo-letudiant.fr,,,,,0,,0,,0,0,0,
"Camille Dubois",student0958@demo-letudiant.fr,,,,,0,,0,,0,0,0,
"Noah Laurent",student0959@demo-letudiant.fr,,,,,0,,0,,0,0,0,
"Sarah Simon",student0960@demo-letudiant.fr,,,,,0,,0,,0,0,0,
"Louis Leroy",student0961@demo-letudiant.fr,,,,,0,,0,,0,0,0,
"Louis Laurent",student0962@demo-letudiant.fr,,,,,0,,0,,0,0,0,
"Camille Petit",student0963@demo-letudiant.fr,,,,,0,,0,,0,0,0,
"Noah Thomas",student0964@demo-letudiant.fr,,,,,0,,0,,0,0,0,
